Cycle,Start Time,End Time,Persons Detected,Products Detected
1,1733676038.8620684,1733676041.2138617,0,0
2,1733676041.5246675,1733676043.351742,0,0
3,1733676047.9135203,1733676087.391709,0,0
